<annotation>
	<folder>CollectedImages</folder>
	<filename>BestOfLuck.ef03db46-b851-11ee-b9d6-fb7472eb6576.jpg</filename>
	<path>C:\Users\kapil\Jupyter Programming\College Project\RealTimeObjectDetection\Tensorflow\workspace\images\CollectedImages\BestOfLuck.ef03db46-b851-11ee-b9d6-fb7472eb6576.jpg</path>
	<source>
		<database>Unknown</database>
	</source>
	<size>
		<width>640</width>
		<height>480</height>
		<depth>3</depth>
	</size>
	<segmented>0</segmented>
	<object>
		<name>BestOfLuck</name>
		<pose>Unspecified</pose>
		<truncated>0</truncated>
		<difficult>0</difficult>
		<bndbox>
			<xmin>276</xmin>
			<ymin>153</ymin>
			<xmax>403</xmax>
			<ymax>368</ymax>
		</bndbox>
	</object>
</annotation>
