<annotation>
	<folder>CollectedImages</folder>
	<filename>BestOfLuck.070deda8-b852-11ee-9e2a-fb7472eb6576.jpg</filename>
	<path>C:\Users\kapil\Jupyter Programming\College Project\RealTimeObjectDetection\Tensorflow\workspace\images\CollectedImages\BestOfLuck.070deda8-b852-11ee-9e2a-fb7472eb6576.jpg</path>
	<source>
		<database>Unknown</database>
	</source>
	<size>
		<width>640</width>
		<height>480</height>
		<depth>3</depth>
	</size>
	<segmented>0</segmented>
	<object>
		<name>BestOfLuck</name>
		<pose>Unspecified</pose>
		<truncated>0</truncated>
		<difficult>0</difficult>
		<bndbox>
			<xmin>308</xmin>
			<ymin>180</ymin>
			<xmax>432</xmax>
			<ymax>384</ymax>
		</bndbox>
	</object>
</annotation>
