<annotation>
	<folder>CollectedImages</folder>
	<filename>BestOfLuck.fd7083fd-b851-11ee-9b0a-fb7472eb6576.jpg</filename>
	<path>C:\Users\kapil\Jupyter Programming\College Project\RealTimeObjectDetection\Tensorflow\workspace\images\CollectedImages\BestOfLuck.fd7083fd-b851-11ee-9b0a-fb7472eb6576.jpg</path>
	<source>
		<database>Unknown</database>
	</source>
	<size>
		<width>640</width>
		<height>480</height>
		<depth>3</depth>
	</size>
	<segmented>0</segmented>
	<object>
		<name>BestOfLuck</name>
		<pose>Unspecified</pose>
		<truncated>0</truncated>
		<difficult>0</difficult>
		<bndbox>
			<xmin>326</xmin>
			<ymin>201</ymin>
			<xmax>470</xmax>
			<ymax>415</ymax>
		</bndbox>
	</object>
</annotation>
