<annotation>
	<folder>CollectedImages</folder>
	<filename>BestOfLuck.03734ab6-b852-11ee-a0ee-fb7472eb6576.jpg</filename>
	<path>C:\Users\kapil\Jupyter Programming\College Project\RealTimeObjectDetection\Tensorflow\workspace\images\CollectedImages\BestOfLuck.03734ab6-b852-11ee-a0ee-fb7472eb6576.jpg</path>
	<source>
		<database>Unknown</database>
	</source>
	<size>
		<width>640</width>
		<height>480</height>
		<depth>3</depth>
	</size>
	<segmented>0</segmented>
	<object>
		<name>BestOfLuck</name>
		<pose>Unspecified</pose>
		<truncated>0</truncated>
		<difficult>0</difficult>
		<bndbox>
			<xmin>239</xmin>
			<ymin>193</ymin>
			<xmax>355</xmax>
			<ymax>395</ymax>
		</bndbox>
	</object>
</annotation>
