<annotation>
	<folder>CollectedImages</folder>
	<filename>BestOfLuck.05da275d-b852-11ee-84b7-fb7472eb6576.jpg</filename>
	<path>C:\Users\kapil\Jupyter Programming\College Project\RealTimeObjectDetection\Tensorflow\workspace\images\CollectedImages\BestOfLuck.05da275d-b852-11ee-84b7-fb7472eb6576.jpg</path>
	<source>
		<database>Unknown</database>
	</source>
	<size>
		<width>640</width>
		<height>480</height>
		<depth>3</depth>
	</size>
	<segmented>0</segmented>
	<object>
		<name>BestOfLuck</name>
		<pose>Unspecified</pose>
		<truncated>0</truncated>
		<difficult>0</difficult>
		<bndbox>
			<xmin>257</xmin>
			<ymin>174</ymin>
			<xmax>376</xmax>
			<ymax>386</ymax>
		</bndbox>
	</object>
</annotation>
