<annotation>
	<folder>CollectedImages</folder>
	<filename>BestOfLuck.fc3cf90c-b851-11ee-a619-fb7472eb6576.jpg</filename>
	<path>C:\Users\kapil\Jupyter Programming\College Project\RealTimeObjectDetection\Tensorflow\workspace\images\CollectedImages\BestOfLuck.fc3cf90c-b851-11ee-a619-fb7472eb6576.jpg</path>
	<source>
		<database>Unknown</database>
	</source>
	<size>
		<width>640</width>
		<height>480</height>
		<depth>3</depth>
	</size>
	<segmented>0</segmented>
	<object>
		<name>BestOfLuck</name>
		<pose>Unspecified</pose>
		<truncated>0</truncated>
		<difficult>0</difficult>
		<bndbox>
			<xmin>339</xmin>
			<ymin>195</ymin>
			<xmax>485</xmax>
			<ymax>425</ymax>
		</bndbox>
	</object>
</annotation>
