<annotation>
	<folder>CollectedImages</folder>
	<filename>BestOfLuck.e42e983d-b851-11ee-a6cf-fb7472eb6576.jpg</filename>
	<path>C:\Users\kapil\Jupyter Programming\College Project\RealTimeObjectDetection\Tensorflow\workspace\images\CollectedImages\BestOfLuck.e42e983d-b851-11ee-a6cf-fb7472eb6576.jpg</path>
	<source>
		<database>Unknown</database>
	</source>
	<size>
		<width>640</width>
		<height>480</height>
		<depth>3</depth>
	</size>
	<segmented>0</segmented>
	<object>
		<name>BestOfLuck</name>
		<pose>Unspecified</pose>
		<truncated>0</truncated>
		<difficult>0</difficult>
		<bndbox>
			<xmin>275</xmin>
			<ymin>189</ymin>
			<xmax>398</xmax>
			<ymax>396</ymax>
		</bndbox>
	</object>
</annotation>
