<annotation>
	<folder>CollectedImages</folder>
	<filename>Enjoy.c37ce4cb-b851-11ee-b891-fb7472eb6576.jpg</filename>
	<path>C:\Users\kapil\Jupyter Programming\College Project\RealTimeObjectDetection\Tensorflow\workspace\images\CollectedImages\Enjoy.c37ce4cb-b851-11ee-b891-fb7472eb6576.jpg</path>
	<source>
		<database>Unknown</database>
	</source>
	<size>
		<width>640</width>
		<height>480</height>
		<depth>3</depth>
	</size>
	<segmented>0</segmented>
	<object>
		<name>Enjoy</name>
		<pose>Unspecified</pose>
		<truncated>0</truncated>
		<difficult>0</difficult>
		<bndbox>
			<xmin>233</xmin>
			<ymin>109</ymin>
			<xmax>405</xmax>
			<ymax>384</ymax>
		</bndbox>
	</object>
</annotation>
