<annotation>
	<folder>CollectedImages</folder>
	<filename>Enjoy.cd1a3bec-b851-11ee-a7f3-fb7472eb6576.jpg</filename>
	<path>C:\Users\kapil\Jupyter Programming\College Project\RealTimeObjectDetection\Tensorflow\workspace\images\CollectedImages\Enjoy.cd1a3bec-b851-11ee-a7f3-fb7472eb6576.jpg</path>
	<source>
		<database>Unknown</database>
	</source>
	<size>
		<width>640</width>
		<height>480</height>
		<depth>3</depth>
	</size>
	<segmented>0</segmented>
	<object>
		<name>Enjoy</name>
		<pose>Unspecified</pose>
		<truncated>0</truncated>
		<difficult>0</difficult>
		<bndbox>
			<xmin>191</xmin>
			<ymin>158</ymin>
			<xmax>335</xmax>
			<ymax>394</ymax>
		</bndbox>
	</object>
</annotation>
