<annotation>
	<folder>CollectedImages</folder>
	<filename>Enjoy.b50e03af-b851-11ee-a9d1-fb7472eb6576.jpg</filename>
	<path>C:\Users\kapil\Jupyter Programming\College Project\RealTimeObjectDetection\Tensorflow\workspace\images\CollectedImages\Enjoy.b50e03af-b851-11ee-a9d1-fb7472eb6576.jpg</path>
	<source>
		<database>Unknown</database>
	</source>
	<size>
		<width>640</width>
		<height>480</height>
		<depth>3</depth>
	</size>
	<segmented>0</segmented>
	<object>
		<name>Enjoy</name>
		<pose>Unspecified</pose>
		<truncated>0</truncated>
		<difficult>0</difficult>
		<bndbox>
			<xmin>259</xmin>
			<ymin>149</ymin>
			<xmax>379</xmax>
			<ymax>401</ymax>
		</bndbox>
	</object>
</annotation>
