<annotation>
	<folder>CollectedImages</folder>
	<filename>Enjoy.d920c1bb-b851-11ee-aaeb-fb7472eb6576.jpg</filename>
	<path>C:\Users\kapil\Jupyter Programming\College Project\RealTimeObjectDetection\Tensorflow\workspace\images\CollectedImages\Enjoy.d920c1bb-b851-11ee-aaeb-fb7472eb6576.jpg</path>
	<source>
		<database>Unknown</database>
	</source>
	<size>
		<width>640</width>
		<height>480</height>
		<depth>3</depth>
	</size>
	<segmented>0</segmented>
	<object>
		<name>Enjoy</name>
		<pose>Unspecified</pose>
		<truncated>1</truncated>
		<difficult>0</difficult>
		<bndbox>
			<xmin>276</xmin>
			<ymin>314</ymin>
			<xmax>476</xmax>
			<ymax>480</ymax>
		</bndbox>
	</object>
</annotation>
