<annotation>
	<folder>CollectedImages</folder>
	<filename>Enjoy.ce4df8b1-b851-11ee-80d2-fb7472eb6576.jpg</filename>
	<path>C:\Users\kapil\Jupyter Programming\College Project\RealTimeObjectDetection\Tensorflow\workspace\images\CollectedImages\Enjoy.ce4df8b1-b851-11ee-80d2-fb7472eb6576.jpg</path>
	<source>
		<database>Unknown</database>
	</source>
	<size>
		<width>640</width>
		<height>480</height>
		<depth>3</depth>
	</size>
	<segmented>0</segmented>
	<object>
		<name>Enjoy</name>
		<pose>Unspecified</pose>
		<truncated>0</truncated>
		<difficult>0</difficult>
		<bndbox>
			<xmin>240</xmin>
			<ymin>100</ymin>
			<xmax>391</xmax>
			<ymax>348</ymax>
		</bndbox>
	</object>
</annotation>
