<annotation>
	<folder>CollectedImages</folder>
	<filename>Excellent.a46d9220-b851-11ee-be19-fb7472eb6576.jpg</filename>
	<path>C:\Users\kapil\Jupyter Programming\College Project\RealTimeObjectDetection\Tensorflow\workspace\images\CollectedImages\Excellent.a46d9220-b851-11ee-be19-fb7472eb6576.jpg</path>
	<source>
		<database>Unknown</database>
	</source>
	<size>
		<width>640</width>
		<height>480</height>
		<depth>3</depth>
	</size>
	<segmented>0</segmented>
	<object>
		<name>Excellent</name>
		<pose>Unspecified</pose>
		<truncated>0</truncated>
		<difficult>0</difficult>
		<bndbox>
			<xmin>193</xmin>
			<ymin>192</ymin>
			<xmax>469</xmax>
			<ymax>417</ymax>
		</bndbox>
	</object>
</annotation>
