<annotation>
	<folder>CollectedImages</folder>
	<filename>Excellent.95fd5b3d-b851-11ee-978b-fb7472eb6576.jpg</filename>
	<path>C:\Users\kapil\Jupyter Programming\College Project\RealTimeObjectDetection\Tensorflow\workspace\images\CollectedImages\Excellent.95fd5b3d-b851-11ee-978b-fb7472eb6576.jpg</path>
	<source>
		<database>Unknown</database>
	</source>
	<size>
		<width>640</width>
		<height>480</height>
		<depth>3</depth>
	</size>
	<segmented>0</segmented>
	<object>
		<name>Excellent</name>
		<pose>Unspecified</pose>
		<truncated>0</truncated>
		<difficult>0</difficult>
		<bndbox>
			<xmin>205</xmin>
			<ymin>184</ymin>
			<xmax>460</xmax>
			<ymax>397</ymax>
		</bndbox>
	</object>
</annotation>
