<annotation>
	<folder>CollectedImages</folder>
	<filename>Good.5f01be1b-b851-11ee-85ff-fb7472eb6576.jpg</filename>
	<path>C:\Users\kapil\Jupyter Programming\College Project\RealTimeObjectDetection\Tensorflow\workspace\images\CollectedImages\Good.5f01be1b-b851-11ee-85ff-fb7472eb6576.jpg</path>
	<source>
		<database>Unknown</database>
	</source>
	<size>
		<width>640</width>
		<height>480</height>
		<depth>3</depth>
	</size>
	<segmented>0</segmented>
	<object>
		<name>Good</name>
		<pose>Unspecified</pose>
		<truncated>0</truncated>
		<difficult>0</difficult>
		<bndbox>
			<xmin>259</xmin>
			<ymin>119</ymin>
			<xmax>429</xmax>
			<ymax>369</ymax>
		</bndbox>
	</object>
</annotation>
