<annotation>
	<folder>CollectedImages</folder>
	<filename>Good.74a5fd4d-b851-11ee-bfce-fb7472eb6576.jpg</filename>
	<path>C:\Users\kapil\Jupyter Programming\College Project\RealTimeObjectDetection\Tensorflow\workspace\images\CollectedImages\Good.74a5fd4d-b851-11ee-bfce-fb7472eb6576.jpg</path>
	<source>
		<database>Unknown</database>
	</source>
	<size>
		<width>640</width>
		<height>480</height>
		<depth>3</depth>
	</size>
	<segmented>0</segmented>
	<object>
		<name>Good</name>
		<pose>Unspecified</pose>
		<truncated>0</truncated>
		<difficult>0</difficult>
		<bndbox>
			<xmin>254</xmin>
			<ymin>154</ymin>
			<xmax>448</xmax>
			<ymax>393</ymax>
		</bndbox>
	</object>
</annotation>
