<annotation>
	<folder>CollectedImages</folder>
	<filename>Good.5695fff9-b851-11ee-be68-fb7472eb6576.jpg</filename>
	<path>C:\Users\kapil\Jupyter Programming\College Project\RealTimeObjectDetection\Tensorflow\workspace\images\CollectedImages\Good.5695fff9-b851-11ee-be68-fb7472eb6576.jpg</path>
	<source>
		<database>Unknown</database>
	</source>
	<size>
		<width>640</width>
		<height>480</height>
		<depth>3</depth>
	</size>
	<segmented>0</segmented>
	<object>
		<name>Good</name>
		<pose>Unspecified</pose>
		<truncated>0</truncated>
		<difficult>0</difficult>
		<bndbox>
			<xmin>212</xmin>
			<ymin>131</ymin>
			<xmax>428</xmax>
			<ymax>377</ymax>
		</bndbox>
	</object>
</annotation>
