<annotation>
	<folder>CollectedImages</folder>
	<filename>Good.46f1b950-b851-11ee-92b7-fb7472eb6576.jpg</filename>
	<path>C:\Users\kapil\Jupyter Programming\College Project\RealTimeObjectDetection\Tensorflow\workspace\images\CollectedImages\Good.46f1b950-b851-11ee-92b7-fb7472eb6576.jpg</path>
	<source>
		<database>Unknown</database>
	</source>
	<size>
		<width>640</width>
		<height>480</height>
		<depth>3</depth>
	</size>
	<segmented>0</segmented>
	<object>
		<name>Good</name>
		<pose>Unspecified</pose>
		<truncated>0</truncated>
		<difficult>0</difficult>
		<bndbox>
			<xmin>258</xmin>
			<ymin>98</ymin>
			<xmax>452</xmax>
			<ymax>369</ymax>
		</bndbox>
	</object>
</annotation>
