<annotation>
	<folder>CollectedImages</folder>
	<filename>Good.45bec466-b851-11ee-a378-fb7472eb6576.jpg</filename>
	<path>C:\Users\kapil\Jupyter Programming\College Project\RealTimeObjectDetection\Tensorflow\workspace\images\CollectedImages\Good.45bec466-b851-11ee-a378-fb7472eb6576.jpg</path>
	<source>
		<database>Unknown</database>
	</source>
	<size>
		<width>640</width>
		<height>480</height>
		<depth>3</depth>
	</size>
	<segmented>0</segmented>
	<object>
		<name>Good</name>
		<pose>Unspecified</pose>
		<truncated>0</truncated>
		<difficult>0</difficult>
		<bndbox>
			<xmin>217</xmin>
			<ymin>116</ymin>
			<xmax>417</xmax>
			<ymax>383</ymax>
		</bndbox>
	</object>
</annotation>
