<annotation>
	<folder>CollectedImages</folder>
	<filename>Good.4e2a0f97-b851-11ee-b012-fb7472eb6576.jpg</filename>
	<path>C:\Users\kapil\Jupyter Programming\College Project\RealTimeObjectDetection\Tensorflow\workspace\images\CollectedImages\Good.4e2a0f97-b851-11ee-b012-fb7472eb6576.jpg</path>
	<source>
		<database>Unknown</database>
	</source>
	<size>
		<width>640</width>
		<height>480</height>
		<depth>3</depth>
	</size>
	<segmented>0</segmented>
	<object>
		<name>Good</name>
		<pose>Unspecified</pose>
		<truncated>0</truncated>
		<difficult>0</difficult>
		<bndbox>
			<xmin>202</xmin>
			<ymin>112</ymin>
			<xmax>381</xmax>
			<ymax>330</ymax>
		</bndbox>
	</object>
</annotation>
