<annotation>
	<folder>CollectedImages</folder>
	<filename>Hello.46a3a489-b850-11ee-b631-fb7472eb6576.jpg</filename>
	<path>C:\Users\kapil\Jupyter Programming\College Project\RealTimeObjectDetection\Tensorflow\workspace\images\CollectedImages\Hello.46a3a489-b850-11ee-b631-fb7472eb6576.jpg</path>
	<source>
		<database>Unknown</database>
	</source>
	<size>
		<width>640</width>
		<height>480</height>
		<depth>3</depth>
	</size>
	<segmented>0</segmented>
	<object>
		<name>Hello</name>
		<pose>Unspecified</pose>
		<truncated>0</truncated>
		<difficult>0</difficult>
		<bndbox>
			<xmin>192</xmin>
			<ymin>102</ymin>
			<xmax>456</xmax>
			<ymax>438</ymax>
		</bndbox>
	</object>
</annotation>
