<annotation>
	<folder>CollectedImages</folder>
	<filename>Hello.58ad3456-b850-11ee-b28d-fb7472eb6576.jpg</filename>
	<path>C:\Users\kapil\Jupyter Programming\College Project\RealTimeObjectDetection\Tensorflow\workspace\images\CollectedImages\Hello.58ad3456-b850-11ee-b28d-fb7472eb6576.jpg</path>
	<source>
		<database>Unknown</database>
	</source>
	<size>
		<width>640</width>
		<height>480</height>
		<depth>3</depth>
	</size>
	<segmented>0</segmented>
	<object>
		<name>Hello</name>
		<pose>Unspecified</pose>
		<truncated>0</truncated>
		<difficult>0</difficult>
		<bndbox>
			<xmin>231</xmin>
			<ymin>114</ymin>
			<xmax>519</xmax>
			<ymax>465</ymax>
		</bndbox>
	</object>
</annotation>
