<annotation>
	<folder>CollectedImages</folder>
	<filename>Hello.3e2130d1-b850-11ee-9319-fb7472eb6576.jpg</filename>
	<path>C:\Users\kapil\Jupyter Programming\College Project\RealTimeObjectDetection\Tensorflow\workspace\images\CollectedImages\Hello.3e2130d1-b850-11ee-9319-fb7472eb6576.jpg</path>
	<source>
		<database>Unknown</database>
	</source>
	<size>
		<width>640</width>
		<height>480</height>
		<depth>3</depth>
	</size>
	<segmented>0</segmented>
	<object>
		<name>Hello</name>
		<pose>Unspecified</pose>
		<truncated>0</truncated>
		<difficult>0</difficult>
		<bndbox>
			<xmin>131</xmin>
			<ymin>94</ymin>
			<xmax>419</xmax>
			<ymax>413</ymax>
		</bndbox>
	</object>
</annotation>
