<annotation>
	<folder>CollectedImages</folder>
	<filename>Hello.457006a1-b850-11ee-8034-fb7472eb6576.jpg</filename>
	<path>C:\Users\kapil\Jupyter Programming\College Project\RealTimeObjectDetection\Tensorflow\workspace\images\CollectedImages\Hello.457006a1-b850-11ee-8034-fb7472eb6576.jpg</path>
	<source>
		<database>Unknown</database>
	</source>
	<size>
		<width>640</width>
		<height>480</height>
		<depth>3</depth>
	</size>
	<segmented>0</segmented>
	<object>
		<name>Hello</name>
		<pose>Unspecified</pose>
		<truncated>0</truncated>
		<difficult>0</difficult>
		<bndbox>
			<xmin>172</xmin>
			<ymin>139</ymin>
			<xmax>437</xmax>
			<ymax>421</ymax>
		</bndbox>
	</object>
</annotation>
