<annotation>
	<folder>CollectedImages</folder>
	<filename>Hello.55114f4c-b850-11ee-831b-fb7472eb6576.jpg</filename>
	<path>C:\Users\kapil\Jupyter Programming\College Project\RealTimeObjectDetection\Tensorflow\workspace\images\CollectedImages\Hello.55114f4c-b850-11ee-831b-fb7472eb6576.jpg</path>
	<source>
		<database>Unknown</database>
	</source>
	<size>
		<width>640</width>
		<height>480</height>
		<depth>3</depth>
	</size>
	<segmented>0</segmented>
	<object>
		<name>Hello</name>
		<pose>Unspecified</pose>
		<truncated>0</truncated>
		<difficult>0</difficult>
		<bndbox>
			<xmin>160</xmin>
			<ymin>104</ymin>
			<xmax>403</xmax>
			<ymax>394</ymax>
		</bndbox>
	</object>
</annotation>
