<annotation>
	<folder>CollectedImages</folder>
	<filename>Hello.4f0cb7ce-b850-11ee-ac91-fb7472eb6576.jpg</filename>
	<path>C:\Users\kapil\Jupyter Programming\College Project\RealTimeObjectDetection\Tensorflow\workspace\images\CollectedImages\Hello.4f0cb7ce-b850-11ee-ac91-fb7472eb6576.jpg</path>
	<source>
		<database>Unknown</database>
	</source>
	<size>
		<width>640</width>
		<height>480</height>
		<depth>3</depth>
	</size>
	<segmented>0</segmented>
	<object>
		<name>Hello</name>
		<pose>Unspecified</pose>
		<truncated>0</truncated>
		<difficult>0</difficult>
		<bndbox>
			<xmin>220</xmin>
			<ymin>82</ymin>
			<xmax>510</xmax>
			<ymax>439</ymax>
		</bndbox>
	</object>
</annotation>
