<annotation>
	<folder>CollectedImages</folder>
	<filename>Hello.5c497029-b850-11ee-ace6-fb7472eb6576.jpg</filename>
	<path>C:\Users\kapil\Jupyter Programming\College Project\RealTimeObjectDetection\Tensorflow\workspace\images\CollectedImages\Hello.5c497029-b850-11ee-ace6-fb7472eb6576.jpg</path>
	<source>
		<database>Unknown</database>
	</source>
	<size>
		<width>640</width>
		<height>480</height>
		<depth>3</depth>
	</size>
	<segmented>0</segmented>
	<object>
		<name>Hello</name>
		<pose>Unspecified</pose>
		<truncated>1</truncated>
		<difficult>0</difficult>
		<bndbox>
			<xmin>218</xmin>
			<ymin>314</ymin>
			<xmax>491</xmax>
			<ymax>480</ymax>
		</bndbox>
	</object>
</annotation>
