<annotation>
	<folder>CollectedImages</folder>
	<filename>Hello.50409ce6-b850-11ee-b123-fb7472eb6576.jpg</filename>
	<path>C:\Users\kapil\Jupyter Programming\College Project\RealTimeObjectDetection\Tensorflow\workspace\images\CollectedImages\Hello.50409ce6-b850-11ee-b123-fb7472eb6576.jpg</path>
	<source>
		<database>Unknown</database>
	</source>
	<size>
		<width>640</width>
		<height>480</height>
		<depth>3</depth>
	</size>
	<segmented>0</segmented>
	<object>
		<name>Hello</name>
		<pose>Unspecified</pose>
		<truncated>1</truncated>
		<difficult>0</difficult>
		<bndbox>
			<xmin>143</xmin>
			<ymin>353</ymin>
			<xmax>330</xmax>
			<ymax>480</ymax>
		</bndbox>
	</object>
</annotation>
