<annotation>
	<folder>CollectedImages</folder>
	<filename>Hello.5eb0d9e1-b850-11ee-bb3a-fb7472eb6576.jpg</filename>
	<path>C:\Users\kapil\Jupyter Programming\College Project\RealTimeObjectDetection\Tensorflow\workspace\images\CollectedImages\Hello.5eb0d9e1-b850-11ee-bb3a-fb7472eb6576.jpg</path>
	<source>
		<database>Unknown</database>
	</source>
	<size>
		<width>640</width>
		<height>480</height>
		<depth>3</depth>
	</size>
	<segmented>0</segmented>
	<object>
		<name>Hello</name>
		<pose>Unspecified</pose>
		<truncated>0</truncated>
		<difficult>0</difficult>
		<bndbox>
			<xmin>152</xmin>
			<ymin>74</ymin>
			<xmax>412</xmax>
			<ymax>405</ymax>
		</bndbox>
	</object>
</annotation>
