<annotation>
	<folder>CollectedImages</folder>
	<filename>Hello.5778a613-b850-11ee-a12e-fb7472eb6576.jpg</filename>
	<path>C:\Users\kapil\Jupyter Programming\College Project\RealTimeObjectDetection\Tensorflow\workspace\images\CollectedImages\Hello.5778a613-b850-11ee-a12e-fb7472eb6576.jpg</path>
	<source>
		<database>Unknown</database>
	</source>
	<size>
		<width>640</width>
		<height>480</height>
		<depth>3</depth>
	</size>
	<segmented>0</segmented>
	<object>
		<name>Hello</name>
		<pose>Unspecified</pose>
		<truncated>0</truncated>
		<difficult>0</difficult>
		<bndbox>
			<xmin>187</xmin>
			<ymin>102</ymin>
			<xmax>442</xmax>
			<ymax>449</ymax>
		</bndbox>
	</object>
</annotation>
