<annotation>
	<folder>CollectedImages</folder>
	<filename>HowAreYou.35c09792-b852-11ee-a4fd-fb7472eb6576.jpg</filename>
	<path>C:\Users\kapil\Jupyter Programming\College Project\RealTimeObjectDetection\Tensorflow\workspace\images\CollectedImages\HowAreYou.35c09792-b852-11ee-a4fd-fb7472eb6576.jpg</path>
	<source>
		<database>Unknown</database>
	</source>
	<size>
		<width>640</width>
		<height>480</height>
		<depth>3</depth>
	</size>
	<segmented>0</segmented>
	<object>
		<name>HowAreYou</name>
		<pose>Unspecified</pose>
		<truncated>0</truncated>
		<difficult>0</difficult>
		<bndbox>
			<xmin>249</xmin>
			<ymin>128</ymin>
			<xmax>480</xmax>
			<ymax>378</ymax>
		</bndbox>
	</object>
</annotation>
