<annotation>
	<folder>CollectedImages</folder>
	<filename>HowAreYou.42f91694-b852-11ee-9246-fb7472eb6576.jpg</filename>
	<path>C:\Users\kapil\Jupyter Programming\College Project\RealTimeObjectDetection\Tensorflow\workspace\images\CollectedImages\HowAreYou.42f91694-b852-11ee-9246-fb7472eb6576.jpg</path>
	<source>
		<database>Unknown</database>
	</source>
	<size>
		<width>640</width>
		<height>480</height>
		<depth>3</depth>
	</size>
	<segmented>0</segmented>
	<object>
		<name>HowAreYou</name>
		<pose>Unspecified</pose>
		<truncated>0</truncated>
		<difficult>0</difficult>
		<bndbox>
			<xmin>230</xmin>
			<ymin>117</ymin>
			<xmax>434</xmax>
			<ymax>372</ymax>
		</bndbox>
	</object>
</annotation>
