<annotation>
	<folder>CollectedImages</folder>
	<filename>ILoveYou.2c9e2b6e-b851-11ee-8209-fb7472eb6576.jpg</filename>
	<path>C:\Users\kapil\Jupyter Programming\College Project\RealTimeObjectDetection\Tensorflow\workspace\images\CollectedImages\ILoveYou.2c9e2b6e-b851-11ee-8209-fb7472eb6576.jpg</path>
	<source>
		<database>Unknown</database>
	</source>
	<size>
		<width>640</width>
		<height>480</height>
		<depth>3</depth>
	</size>
	<segmented>0</segmented>
	<object>
		<name>ILoveYou</name>
		<pose>Unspecified</pose>
		<truncated>0</truncated>
		<difficult>0</difficult>
		<bndbox>
			<xmin>221</xmin>
			<ymin>137</ymin>
			<xmax>430</xmax>
			<ymax>366</ymax>
		</bndbox>
	</object>
</annotation>
