<annotation>
	<folder>CollectedImages</folder>
	<filename>ILoveYou.32a176b0-b851-11ee-879e-fb7472eb6576.jpg</filename>
	<path>C:\Users\kapil\Jupyter Programming\College Project\RealTimeObjectDetection\Tensorflow\workspace\images\CollectedImages\ILoveYou.32a176b0-b851-11ee-879e-fb7472eb6576.jpg</path>
	<source>
		<database>Unknown</database>
	</source>
	<size>
		<width>640</width>
		<height>480</height>
		<depth>3</depth>
	</size>
	<segmented>0</segmented>
	<object>
		<name>ILoveYou</name>
		<pose>Unspecified</pose>
		<truncated>0</truncated>
		<difficult>0</difficult>
		<bndbox>
			<xmin>284</xmin>
			<ymin>159</ymin>
			<xmax>485</xmax>
			<ymax>394</ymax>
		</bndbox>
	</object>
</annotation>
