<annotation>
	<folder>CollectedImages</folder>
	<filename>ILoveYou.316e0002-b851-11ee-b620-fb7472eb6576.jpg</filename>
	<path>C:\Users\kapil\Jupyter Programming\College Project\RealTimeObjectDetection\Tensorflow\workspace\images\CollectedImages\ILoveYou.316e0002-b851-11ee-b620-fb7472eb6576.jpg</path>
	<source>
		<database>Unknown</database>
	</source>
	<size>
		<width>640</width>
		<height>480</height>
		<depth>3</depth>
	</size>
	<segmented>0</segmented>
	<object>
		<name>ILoveYou</name>
		<pose>Unspecified</pose>
		<truncated>0</truncated>
		<difficult>0</difficult>
		<bndbox>
			<xmin>168</xmin>
			<ymin>175</ymin>
			<xmax>383</xmax>
			<ymax>422</ymax>
		</bndbox>
	</object>
</annotation>
