<annotation>
	<folder>CollectedImages</folder>
	<filename>ILoveYou.27cd6f52-b851-11ee-83d4-fb7472eb6576.jpg</filename>
	<path>C:\Users\kapil\Jupyter Programming\College Project\RealTimeObjectDetection\Tensorflow\workspace\images\CollectedImages\ILoveYou.27cd6f52-b851-11ee-83d4-fb7472eb6576.jpg</path>
	<source>
		<database>Unknown</database>
	</source>
	<size>
		<width>640</width>
		<height>480</height>
		<depth>3</depth>
	</size>
	<segmented>0</segmented>
	<object>
		<name>ILoveYou</name>
		<pose>Unspecified</pose>
		<truncated>0</truncated>
		<difficult>0</difficult>
		<bndbox>
			<xmin>315</xmin>
			<ymin>127</ymin>
			<xmax>495</xmax>
			<ymax>365</ymax>
		</bndbox>
	</object>
</annotation>
