<annotation>
	<folder>CollectedImages</folder>
	<filename>No.028d5c3d-b851-11ee-8e9c-fb7472eb6576.jpg</filename>
	<path>C:\Users\kapil\Jupyter Programming\College Project\RealTimeObjectDetection\Tensorflow\workspace\images\CollectedImages\No.028d5c3d-b851-11ee-8e9c-fb7472eb6576.jpg</path>
	<source>
		<database>Unknown</database>
	</source>
	<size>
		<width>640</width>
		<height>480</height>
		<depth>3</depth>
	</size>
	<segmented>0</segmented>
	<object>
		<name>No</name>
		<pose>Unspecified</pose>
		<truncated>0</truncated>
		<difficult>0</difficult>
		<bndbox>
			<xmin>164</xmin>
			<ymin>191</ymin>
			<xmax>378</xmax>
			<ymax>352</ymax>
		</bndbox>
	</object>
</annotation>
