<annotation>
	<folder>CollectedImages</folder>
	<filename>No.0159e5a1-b851-11ee-beeb-fb7472eb6576.jpg</filename>
	<path>C:\Users\kapil\Jupyter Programming\College Project\RealTimeObjectDetection\Tensorflow\workspace\images\CollectedImages\No.0159e5a1-b851-11ee-beeb-fb7472eb6576.jpg</path>
	<source>
		<database>Unknown</database>
	</source>
	<size>
		<width>640</width>
		<height>480</height>
		<depth>3</depth>
	</size>
	<segmented>0</segmented>
	<object>
		<name>No</name>
		<pose>Unspecified</pose>
		<truncated>0</truncated>
		<difficult>0</difficult>
		<bndbox>
			<xmin>88</xmin>
			<ymin>249</ymin>
			<xmax>292</xmax>
			<ymax>369</ymax>
		</bndbox>
	</object>
</annotation>
