<annotation>
	<folder>CollectedImages</folder>
	<filename>ThankYou.9f48e387-b850-11ee-a8b1-fb7472eb6576.jpg</filename>
	<path>C:\Users\kapil\Jupyter Programming\College Project\RealTimeObjectDetection\Tensorflow\workspace\images\CollectedImages\ThankYou.9f48e387-b850-11ee-a8b1-fb7472eb6576.jpg</path>
	<source>
		<database>Unknown</database>
	</source>
	<size>
		<width>640</width>
		<height>480</height>
		<depth>3</depth>
	</size>
	<segmented>0</segmented>
	<object>
		<name>ThankYou</name>
		<pose>Unspecified</pose>
		<truncated>0</truncated>
		<difficult>0</difficult>
		<bndbox>
			<xmin>164</xmin>
			<ymin>241</ymin>
			<xmax>574</xmax>
			<ymax>471</ymax>
		</bndbox>
	</object>
</annotation>
