<annotation>
	<folder>CollectedImages</folder>
	<filename>ThankYou.8d3d82b7-b850-11ee-ba3d-fb7472eb6576.jpg</filename>
	<path>C:\Users\kapil\Jupyter Programming\College Project\RealTimeObjectDetection\Tensorflow\workspace\images\CollectedImages\ThankYou.8d3d82b7-b850-11ee-ba3d-fb7472eb6576.jpg</path>
	<source>
		<database>Unknown</database>
	</source>
	<size>
		<width>640</width>
		<height>480</height>
		<depth>3</depth>
	</size>
	<segmented>0</segmented>
	<object>
		<name>ThankYou</name>
		<pose>Unspecified</pose>
		<truncated>1</truncated>
		<difficult>0</difficult>
		<bndbox>
			<xmin>52</xmin>
			<ymin>105</ymin>
			<xmax>640</xmax>
			<ymax>393</ymax>
		</bndbox>
	</object>
</annotation>
