<annotation>
	<folder>CollectedImages</folder>
	<filename>Yes.ca3cdb37-b850-11ee-87c0-fb7472eb6576.jpg</filename>
	<path>C:\Users\kapil\Jupyter Programming\College Project\RealTimeObjectDetection\Tensorflow\workspace\images\CollectedImages\Yes.ca3cdb37-b850-11ee-87c0-fb7472eb6576.jpg</path>
	<source>
		<database>Unknown</database>
	</source>
	<size>
		<width>640</width>
		<height>480</height>
		<depth>3</depth>
	</size>
	<segmented>0</segmented>
	<object>
		<name>Yes</name>
		<pose>Unspecified</pose>
		<truncated>0</truncated>
		<difficult>0</difficult>
		<bndbox>
			<xmin>265</xmin>
			<ymin>282</ymin>
			<xmax>450</xmax>
			<ymax>435</ymax>
		</bndbox>
	</object>
</annotation>
