<annotation>
	<folder>CollectedImages</folder>
	<filename>Yes.b6fed6db-b850-11ee-8fe9-fb7472eb6576.jpg</filename>
	<path>C:\Users\kapil\Jupyter Programming\College Project\RealTimeObjectDetection\Tensorflow\workspace\images\CollectedImages\Yes.b6fed6db-b850-11ee-8fe9-fb7472eb6576.jpg</path>
	<source>
		<database>Unknown</database>
	</source>
	<size>
		<width>640</width>
		<height>480</height>
		<depth>3</depth>
	</size>
	<segmented>0</segmented>
	<object>
		<name>Yes</name>
		<pose>Unspecified</pose>
		<truncated>0</truncated>
		<difficult>0</difficult>
		<bndbox>
			<xmin>264</xmin>
			<ymin>222</ymin>
			<xmax>452</xmax>
			<ymax>367</ymax>
		</bndbox>
	</object>
</annotation>
