<annotation>
	<folder>CollectedImages</folder>
	<filename>Yes.b496b1d5-b850-11ee-9569-fb7472eb6576.jpg</filename>
	<path>C:\Users\kapil\Jupyter Programming\College Project\RealTimeObjectDetection\Tensorflow\workspace\images\CollectedImages\Yes.b496b1d5-b850-11ee-9569-fb7472eb6576.jpg</path>
	<source>
		<database>Unknown</database>
	</source>
	<size>
		<width>640</width>
		<height>480</height>
		<depth>3</depth>
	</size>
	<segmented>0</segmented>
	<object>
		<name>Yes</name>
		<pose>Unspecified</pose>
		<truncated>0</truncated>
		<difficult>0</difficult>
		<bndbox>
			<xmin>278</xmin>
			<ymin>273</ymin>
			<xmax>469</xmax>
			<ymax>414</ymax>
		</bndbox>
	</object>
</annotation>
