<annotation>
	<folder>CollectedImages</folder>
	<filename>Yes.d3dcd788-b850-11ee-ae94-fb7472eb6576.jpg</filename>
	<path>C:\Users\kapil\Jupyter Programming\College Project\RealTimeObjectDetection\Tensorflow\workspace\images\CollectedImages\Yes.d3dcd788-b850-11ee-ae94-fb7472eb6576.jpg</path>
	<source>
		<database>Unknown</database>
	</source>
	<size>
		<width>640</width>
		<height>480</height>
		<depth>3</depth>
	</size>
	<segmented>0</segmented>
	<object>
		<name>Yes</name>
		<pose>Unspecified</pose>
		<truncated>0</truncated>
		<difficult>0</difficult>
		<bndbox>
			<xmin>231</xmin>
			<ymin>234</ymin>
			<xmax>409</xmax>
			<ymax>382</ymax>
		</bndbox>
	</object>
</annotation>
