<annotation>
	<folder>CollectedImages</folder>
	<filename>Yes.cf0cbbc5-b850-11ee-8733-fb7472eb6576.jpg</filename>
	<path>C:\Users\kapil\Jupyter Programming\College Project\RealTimeObjectDetection\Tensorflow\workspace\images\CollectedImages\Yes.cf0cbbc5-b850-11ee-8733-fb7472eb6576.jpg</path>
	<source>
		<database>Unknown</database>
	</source>
	<size>
		<width>640</width>
		<height>480</height>
		<depth>3</depth>
	</size>
	<segmented>0</segmented>
	<object>
		<name>Yes</name>
		<pose>Unspecified</pose>
		<truncated>0</truncated>
		<difficult>0</difficult>
		<bndbox>
			<xmin>263</xmin>
			<ymin>260</ymin>
			<xmax>437</xmax>
			<ymax>380</ymax>
		</bndbox>
	</object>
</annotation>
